Collection Name,Block Number,Transaction Hash,Genesis Token Name,Virtual Price (USDC),Genesis Price (Virtual),Genesis Price (USDC)
afath_swap,31657361,0x4041b17be40a174da0e4654d1c72a473cfdab309fe8ebe312d82507831ba8950,AFATH,1.98546468,0.00032697,0.00064919
afath_swap,31657364,0x0178f172393b39b0555768bf1fcf6238d296974f40733f3b5b5aefb004ba1f80,AFATH,1.98546468,0.0003043,0.00060417
afath_swap,31657365,0xc9e0306fe988df08e8d92a058cb11454c73479598099afb7ae7fb224360e4ee9,AFATH,1.98546468,0.00029485,0.0005854
afath_swap,31657365,0x072f8e15a5fd6b9935a4db71698f8d29bc85177e8931ce39e69aaaecb6047940,AFATH,1.98546468,0.00029485,0.0005854
afath_swap,31657367,0x3391371d31ed4c79499249a787b952fa7750fcb57d8e9860daac951fc333c12a,AFATH,1.98546468,0.00028269,0.00056127
afath_swap,31657367,0xf47ff9821d4d84cb5a66370a9575eaf0e7b8303c55bb814088621c7fbc9b8e49,AFATH,1.98546468,0.00027235,0.00054075
afath_swap,31657367,0x96323e3c922ab1e717acba2b91f573746fda9cb5980880d47451e07ecc8cf2e8,AFATH,1.98546468,0.00027372,0.00054346
afath_swap,31657369,0xb5463031636459602efb0646922568dc5b1eb58cab5e9dc74492c6c36e78cd80,AFATH,1.98546468,0.00027382,0.00054366
afath_swap,31657369,0x31df792d0c4215eb7eb68291fd9a12f5cceca4d1cacfa6c68b3923ce326d56a9,AFATH,1.98546468,0.00027227,0.00054059
afath_swap,31657370,0xb8b39be16b12e607a5eeff88f1c14fab146eb8b376ef19ecb9417e75baad4db3,AFATH,1.98546468,0.00026296,0.00052209
afath_swap,31657374,0x1e2151ae862510ff5d665d7515ac7c0e23c36d905c1c687722b9f5d103a28cc7,AFATH,1.98546467,0.00024553,0.0004875
afath_swap,31657374,0x3924c37cd4040f4198b92217b2c7a3ba132b5bfedd5c6a4840a080727529c124,AFATH,1.98546467,0.00023438,0.00046535
afath_swap,31657374,0x3924c37cd4040f4198b92217b2c7a3ba132b5bfedd5c6a4840a080727529c124,AFATH,1.98546467,0.00023723,0.00047101
afath_swap,31657380,0x0f800fa80b1c2cccd48dd3a96212825cc4a651a6a2218312b83a9d2c45dbc656,AFATH,1.98546467,0.00022438,0.0004455
afath_swap,31657382,0xc0248f33018b35b9e397824d2064081c84d2e93c8ed638cc373954ade0f803d1,AFATH,1.98546467,0.00021857,0.00043396
afath_swap,31657383,0x8a98afebad7b32df3bec06be484b4e53212a457a04a39f628175fc85da64e03b,AFATH,1.98546467,0.00020916,0.00041528
afath_swap,31657384,0x3e747ca87dc67636716538249fdcecd56f34641d3c4764c5d70bb68209a35305,AFATH,1.98548672,0.00020401,0.00040507
afath_swap,31657388,0x1a49e509f7bde4910d78999d542e5bff6807296256b924f940dce2aa8f73cd65,AFATH,1.98548672,0.0001978,0.00039273
afath_swap,31657388,0xdb9e1ca03873538613c3085e3319bd9a6030b89b7de66588034083e57ab86d8e,AFATH,1.98548672,0.00018636,0.00037002
afath_swap,31657388,0x83e2292e83d410a58f2de7a1e588f7f546ea931b94ac21547bcde67f239ad169,AFATH,1.98548672,0.00017568,0.00034882
afath_swap,31657388,0x83e2292e83d410a58f2de7a1e588f7f546ea931b94ac21547bcde67f239ad169,AFATH,1.98548672,0.00018086,0.00035909
afath_swap,31657391,0x2601a74f0f403b3febb08d80313b6c3eb2ed5833fda3688a6e68187e3dd64867,AFATH,1.98548672,0.00016495,0.00032751
afath_swap,31657394,0x1d6c7279ec0dc2e6e55b077ca26f57e2e33515adf7225654668edf18d1916c1f,AFATH,1.98548672,0.00016148,0.00032062
afath_swap,31657398,0x25598a9c92b71150143f9bfcd2d40172b3264646e196db153c551b4137b26f1d,AFATH,1.98548672,0.00015711,0.00031194
afath_swap,31657398,0x723eea91351fb6d0068b428fe397b56472618d7b6b4d653dd61c29eb9f59daa8,AFATH,1.98548672,0.00014898,0.00029579
afath_swap,31657399,0xd09df5a86f51598be882a8b5fb7e1e777319d5eb446deda6c2548ea6ebfb46f1,AFATH,1.98548672,0.00014387,0.00028565
afath_swap,31657399,0xd09df5a86f51598be882a8b5fb7e1e777319d5eb446deda6c2548ea6ebfb46f1,AFATH,1.98548672,0.00014504,0.00028797
afath_swap,31657399,0xd5b2d9c454fae10da3fb2d0886b1c480a711db67a3f2f252b41176e926101f76,AFATH,1.98548672,0.00013921,0.0002764
afath_swap,31657405,0xa391b6305daa0d44d8e65960d18dff77321b68d2a9370bfca0d02433c59780e6,AFATH,1.98548672,0.00013373,0.00026551
afath_swap,31657411,0xe3de7ae2d7a48dc87baf6d4a1c8d2c71482aabb63e30ade27898e013d11d067e,AFATH,1.98548672,0.00013169,0.00026147
afath_swap,31657413,0x3f9880c9ac23af5b9f33c1aa8712771142187d173b09297e02222bea750ace5a,AFATH,1.98548672,0.00013241,0.0002629
afath_swap,31657427,0x84f08c63888e8ac9ccc9726d5464bffc212eed7ff7006d74aefe5bb8d4853ca0,AFATH,1.98548672,0.00012846,0.00025506
afath_swap,31657430,0x856f958f092ab8e2d4762667d256ac152b357c425800fbfffddbf19c56845253,AFATH,1.98548672,0.00012226,0.00024274
afath_swap,31657430,0x856f958f092ab8e2d4762667d256ac152b357c425800fbfffddbf19c56845253,AFATH,1.98548672,0.00012528,0.00024874
afath_swap,31657435,0x2d69a345d76f412ac8c039816d308dff511d787bc7ee7a8fd9e6f381c39254eb,AFATH,1.98548672,0.00011774,0.00023376
afath_swap,31657435,0x2d69a345d76f412ac8c039816d308dff511d787bc7ee7a8fd9e6f381c39254eb,AFATH,1.98548672,0.00011505,0.00022842
afath_swap,31657444,0x9af1b01f8d8b115907ba57f2b2a422b2b6eaab801dba74736f7f72f8c9245c94,AFATH,1.98548683,0.00011316,0.00022468
afath_swap,31657447,0xf23f954192ad222631826b276fd93e3a0912999cb1734774db6b4cbe9323e33b,AFATH,1.98548683,0.00011227,0.00022292
afath_swap,31657449,0x4a631799faf7cb33b99d7d7f0ba128a7b787927a2557649df5de6875b78cf695,AFATH,1.98548683,0.00010972,0.00021785
afath_swap,31657457,0x58ed6f33c66899753c68463441cb620d413ca49d8197c687be7904769189923c,AFATH,1.98548683,0.00010792,0.00021428
afath_swap,31657460,0xc2d05db9468289f75b7d43809984fdefb2eb2926f19338a82c92fd0a14ff8ba9,AFATH,1.98548683,0.00010804,0.0002145
afath_swap,31657468,0x7d146985c35ddc4ea06e0ab66e0f12d06ddc0968e646a4ba5ff747d20f2024db,AFATH,1.98548683,0.00010516,0.0002088
afath_swap,31657471,0xfb798cbb25d3f52d43133bbd1aff6c20d02da18d4d85b780db64bc4f8417c652,AFATH,1.98548683,0.00010282,0.00020415
afath_swap,31657476,0xa32a6d374069155fdadd91a5d3f8ee5bea65f9c98239fd9d5df18cdf26f7d278,AFATH,1.98548683,0.00010123,0.00020098
afath_swap,31657476,0x0e3592695c8c1358548c5015ac1c15f9618161fa21de2aae2427308539c6756e,AFATH,1.98548683,0.0001003,0.00019915
afath_swap,31657478,0x5e3e5c19d48e9af78969720179b2d1f20e11929175aae6584a2242b48f61b088,AFATH,1.98548683,9.761e-05,0.00019381
afath_swap,31657479,0x61701c75d432914de5d6d9fbd97f954ea1d0ebfe2e9b024c6d4fb1412e66ebbc,AFATH,1.98548683,9.625e-05,0.0001911
afath_swap,31657479,0x1408a9e90cb3ee936e3793d9ca37ae47fafc2e39b906a4817c316c7e2b0d9536,AFATH,1.98548683,9.382e-05,0.00018627
afath_swap,31657479,0xd685a6640777c9c94c49cbb118cb22c593a3e95dde845afd3ea0c305b1a60a1e,AFATH,1.98548683,9.252e-05,0.00018369
afath_swap,31657481,0x0a76743c8c54c743c714fa0ded2ad5eab3f7726e5d96e595ac7186932ba7e78d,AFATH,1.98548683,9.372e-05,0.00018607
afath_swap,31657485,0xc3be1188ecb875bd97476577b7ca0c9387f765b4a3b6ab92083d535b297158cf,AFATH,1.98548683,9.547e-05,0.00018955
afath_swap,31657485,0x47751f5d7198bc33115945938edfd8e827461cc13f34f2d765176a7c777c2d5d,AFATH,1.98548683,9.545e-05,0.00018951
afath_swap,31657485,0x4ca195f3980bcd74f50acfb490d22aa0d1b5a6348cb525fd67b818e50d1c1235,AFATH,1.98548683,9.341e-05,0.00018547
afath_swap,31657489,0x68812bc47937ed84d71f9ffbefcd127168391477ec2e0ad5eba270cee2e175e9,AFATH,1.98522673,8.965e-05,0.00017798
afath_swap,31657493,0xeb2ccd2f74288a9390ec622b94df5898a851d6001d96f421da43f3e4f8be159b,AFATH,1.98522673,8.846e-05,0.0001756
afath_swap,31657493,0x8a8608fd5880d077c3b25d5250cb9282f81d38eb8402eed722ad78383257da24,AFATH,1.98522673,8.797e-05,0.00017464
afath_swap,31657495,0xd8f2e97af91e4b5f09ceff7ca8e05a4caf6d42d99e6556dbec42c134138deeb8,AFATH,1.98522673,8.62e-05,0.00017113
afath_swap,31657495,0x6ed7215ca546d534387989fc6c1c4ec8c2285f9e958f21fbcddaf7b297f74359,AFATH,1.98522673,8.5e-05,0.00016875
afath_swap,31657497,0xec44d049a4bdbda9d68cf2401c9771a15e5838238642c933709db3826cf6e155,AFATH,1.98522673,8.304e-05,0.00016485
afath_swap,31657497,0x0965943c297e778dbc4a1c4d5d69b75f970a09f4a5539fb12d35ad135e47c995,AFATH,1.98522673,8.211e-05,0.000163
afath_swap,31657503,0xd534e87bbbc664a9551a7b1981d9a2f7a77500bb85a61b49318e9b32d5d3bdc2,AFATH,1.98522673,8.112e-05,0.00016104
afath_swap,31657505,0x2fb9ace82fc3e2074eba87b9dfce5990b843fbe1245b58bb8fa3450d668a3f58,AFATH,1.98522673,8.118e-05,0.00016115
afath_swap,31657507,0xd8ef0ff0859f3bf557dfc1fdc68854bdddfff47d2679df995b07534bd0e1d1fc,AFATH,1.98522673,8.035e-05,0.00015951
afath_swap,31657507,0xd8ef0ff0859f3bf557dfc1fdc68854bdddfff47d2679df995b07534bd0e1d1fc,AFATH,1.98522673,8.073e-05,0.00016027
afath_swap,31657511,0xd86c52e036a418dc446f513ec89992a6be14222644a24a51ba3e4f026b0defeb,AFATH,1.98522673,7.997e-05,0.00015876
afath_swap,31657515,0x025d0f12caa35300a08a0d7df4df7a3a3e0c57e40b39bcbfac5a9c472479728c,AFATH,1.98497673,7.981e-05,0.00015842
afath_swap,31657516,0xb4088cb629857dc86d5e162fb8f35ca42d564ce73b345a22426af5300943b9f1,AFATH,1.98497673,7.818e-05,0.00015518
afath_swap,31657522,0xc5ec4adc3589aec4a09424c1c99aa60c10c7f7a5dd1b155a4abebc6acbf7fe7f,AFATH,1.98497673,7.724e-05,0.00015333
afath_swap,31657524,0xea3471803a1e6669686694d9f27fdd7abb351dbf60233973bc80aee5a29936d3,AFATH,1.98497673,7.544e-05,0.00014974
afath_swap,31657532,0xe828ae344519f2f6f008e289076c7d3672b6aff5b6fe9058970deac6f1a6f978,AFATH,1.98497673,7.401e-05,0.00014691
afath_swap,31657542,0xf7a756d31bf02b5ad5cf57df5a9b9e0066aa4da0ada2dfabcdb811cbe9f41049,AFATH,1.98208122,7.45e-05,0.00014766
afath_swap,31657542,0x6b9b693f1eec4c483c8bf0f547a9b77b8fd9b869bfb18e45ac4328383cdb97d5,AFATH,1.98208122,7.4e-05,0.00014668
afath_swap,31657543,0x6085e85433e6c25136fee7257399f1e20b520a618ebbdcc782e41cfc3853d013,AFATH,1.98182695,7.388e-05,0.00014642
afath_swap,31657550,0x131d21f0f54c8a6cb79b0858e0d0deafc8f4062debff998ac7764431dff82b68,AFATH,1.98182695,7.254e-05,0.00014377
afath_swap,31657555,0xb4d9c5961cd208a165a0f0e56ea0a67475fdddff17a81832f36fc437f968d744,AFATH,1.98182695,6.996e-05,0.00013865
afath_swap,31657561,0x921aa5eb540053119ef921bee578c6fabd67a5786d2b50d34646a7eda0f866ca,AFATH,1.98182695,6.869e-05,0.00013613
afath_swap,31657561,0x445d3d9d8d278dc1f85f5d0ec778ecd1b6a4c2fd9b205a5218c117c3b28cd729,AFATH,1.98182695,6.907e-05,0.00013689
afath_swap,31657562,0x63f4163cc9a3207fc496133ea69964b81e5d04721719b6ae601309eb07501380,AFATH,1.98182695,6.915e-05,0.00013704
afath_swap,31657563,0xd3283815eb60f0850a5ce4d48117f5de7fe19d25c01beee742efd4d748e74a70,AFATH,1.98182695,6.858e-05,0.00013592
afath_swap,31657564,0x59e274616a2bb17995174ffa73efda235b8165b226ce25dc6c496114514858b2,AFATH,1.98182695,6.877e-05,0.00013628
afath_swap,31657571,0x813250458fe01bb34d682be59986c0328d751d3c86a8ed11fa2a198bf8138743,AFATH,1.98182695,6.835e-05,0.00013545
afath_swap,31657573,0x9811cbc4c5e99afcde276a2d04a016375e7d5d47484dcf1f1c5d2bd02b8efc9a,AFATH,1.98182695,6.923e-05,0.0001372
afath_swap,31657577,0xf5721635559c9ef238a7d8ac8f7917f3bd59fdfebdbff908b0a776df60a5d4e6,AFATH,1.98182695,6.971e-05,0.00013815
afath_swap,31657579,0xc5831cbc03649a7b2edc0cc399045a764db014d07424a41abf94054ad9970cc7,AFATH,1.98182695,6.847e-05,0.00013569
afath_swap,31657580,0xc492c0b03e75cfdd5abfe6db9ca8705ade804950b4b30213768bf4fe078ce722,AFATH,1.98182695,6.824e-05,0.00013523
afath_swap,31657581,0x8fab231962a893acf98b119d7e4f22722bd66860e7841eeacf68c7dec52fc722,AFATH,1.98182695,6.801e-05,0.00013478
afath_swap,31657582,0x4d23725dad5f9cd7120f93cd8cdd3156c5c88c8c150d67ad9d41c8a65cb8e4b3,AFATH,1.98182695,6.843e-05,0.00013561
afath_swap,31657583,0xb366c05bace9cc63963fc00ae456e53e83c07d50632b9401712aeb3b4cd90c61,AFATH,1.98182695,6.695e-05,0.00013269
afath_swap,31657587,0x4822b59fd952969cc7dfa6db7bb618499a0733d155322cb6a36d0f46f0506ac8,AFATH,1.98182695,6.639e-05,0.00013156
afath_swap,31657587,0xad9e7a937b3e19f6b2335569ae43d8ee0fcfdb805bac0a66d8b578597c4e28cc,AFATH,1.98182695,6.605e-05,0.0001309
afath_swap,31657590,0x44c0457998bfbe2cf2733abfe88c249d53849f3f015deceec02ede9aeb543973,AFATH,1.98182695,6.699e-05,0.00013275
afath_swap,31657613,0xe7f7be85b6f7af62aae2ab9b56fa72e6897ce5cb2ecac01a4114d7b0b3cb499d,AFATH,1.98182695,6.713e-05,0.00013304
afath_swap,31657626,0x0fca302d9cad34f15ebc16bd1c3558b9d51c72fe372b69598a973727ad28f74b,AFATH,1.98184548,6.71e-05,0.00013299
afath_swap,31657637,0x320772180bf503c3c3b2b295acec1baae13b1c1774d26c532dfb9f54f67d8400,AFATH,1.98112999,6.644e-05,0.00013163
afath_swap,31657640,0x10fd4dfae9d96bebd693c141df4b9686c8226444681c981c1bdece27fcd04439,AFATH,1.98112999,6.619e-05,0.00013114
afath_swap,31657645,0x296bfac1f95bcb0e037597809af4955cc2432db18d6d83d6a57d3869e8b4f6da,AFATH,1.98112999,6.478e-05,0.00012834
afath_swap,31657648,0x87afac2773a361db193f9b1952caf4f1145aab8c716426b16e02e59a2a4bddf2,AFATH,1.98059182,6.424e-05,0.00012723
afath_swap,31657648,0x87afac2773a361db193f9b1952caf4f1145aab8c716426b16e02e59a2a4bddf2,AFATH,1.98059182,6.391e-05,0.00012658
afath_swap,31657658,0x84de7350d9d5f7f136ba32611f0266579e7c37882fb3842d2c15b2f4467dc0dd,AFATH,1.98052916,6.436e-05,0.00012746
afath_swap,31657661,0x9ecf7cc93c14c139d29f9495db7a7a6bc97955e9b2f72dce9808345b6aee520a,AFATH,1.98052916,6.456e-05,0.00012787
afath_swap,31657676,0xc2d8583613731cd76bddf0d734d26f1df3942f0e175b43241307cf6d18ac2aad,AFATH,1.98052916,6.538e-05,0.00012948
afath_swap,31657677,0x31a1d4b18e4dd002ec0483e55f498347f2957c8de97b1632b362097d1fb5f05f,AFATH,1.98052916,6.643e-05,0.00013156
afath_swap,31657683,0x5cb44d627ebc8dfea35f86e358a723fab470ad022d93e72fd70d06cebf82f374,AFATH,1.98017075,6.678e-05,0.00013225
afath_swap,31657684,0x088ae1cc899a69df0b44eec780866f8c9133dfe5328e0d54b5c00af7381780a5,AFATH,1.98017075,6.613e-05,0.00013094
afath_swap,31657694,0x5eca263974af2af75ee777513bec7e61b07e5c1a2cc65ff49cfa1f6eeb53c52b,AFATH,1.97962993,6.627e-05,0.00013119
afath_swap,31657699,0xa72571b47579f36329cd9fa31dcc25d6a8f1b7524aae31191d2d1d31e7ff267c,AFATH,1.97962993,6.71e-05,0.00013284
afath_swap,31657710,0xd267621f548c09fe4f7fd958c3e6277289bf48a9449ac8c8c41ed6c49f0c9b04,AFATH,1.97962993,6.796e-05,0.00013453
afath_swap,31657712,0x74c32727708794622ddbc9adb9bc08a666e579d782a0a016418053409177e81d,AFATH,1.97962993,6.754e-05,0.00013371
afath_swap,31657717,0x58160e243f5d1b1e708924ba1ffcbb3e9364101b8c6c3027ac165f301f4d8cd9,AFATH,1.97962993,6.811e-05,0.00013483
afath_swap,31657717,0x971d7ddac380e28bf6b220f8b887b8c54b46b9abb19a69435525a84ae19ed6c2,AFATH,1.97962993,6.847e-05,0.00013555
afath_swap,31657727,0x559ee2aa424f4d4698ddb0225b0d0edda7c250a38608c741616f1d5a27510261,AFATH,1.97962993,6.927e-05,0.00013713
afath_swap,31657740,0x22f844d26200b9c2a49a84f541037fecd28d67c7c3f039e5684f0ac502aae336,AFATH,1.97962993,6.92e-05,0.00013699
afath_swap,31657744,0xa439db40fab666d332491b53a4b943366c8444f747e116366a98e2d3a31e84cd,AFATH,1.97962993,6.934e-05,0.00013726
afath_swap,31657744,0x1255fa8bc36ffe09c0e312f125c56a6c4ac7b862635943acc4dd71f4071c3b21,AFATH,1.97962993,6.974e-05,0.00013806
afath_swap,31657748,0xb2cd4609ad6cfddf7fdddb2aec56039a785b2722830716f51c6fe6366f7d4208,AFATH,1.97973708,6.93e-05,0.0001372
afath_swap,31657759,0x861e811f6f2c6d91c08bdb32e1e103a6aa49b605905d9e6c1b2ea2aebae5f8e0,AFATH,1.98038648,6.929e-05,0.00013722
afath_swap,31657773,0xb74a1fd7b7713cbba40234ecdc089ada6981d92458c7f3577d3b43546b53d330,AFATH,1.98103368,6.93e-05,0.00013729
afath_swap,31657800,0xc70f02bae5750cafe1d88824a98a3bc41a9d28e362a8c88b588d4febb4336e8a,AFATH,1.98120909,6.931e-05,0.00013731
afath_swap,31657841,0x6c56af6ac7dd540924bc2623623379f4710f6618ce541a1f3980603c320a53fe,AFATH,1.98120909,6.967e-05,0.00013803
afath_swap,31657847,0x7659cb4a17640073f3323548df41f5eab5cbc3e6e61a861ef927fdd184cec737,AFATH,1.98120909,6.96e-05,0.0001379
afath_swap,31657974,0xbea32843fc268e6ab6348fa51ed692b09c190a69e9f039b3c09849124adf0019,AFATH,1.98120909,6.958e-05,0.00013786
afath_swap,31657978,0x18a6a63f4578fe6aca48bfe043ec1e489dd99d0263e1bb9ee685beaee58cf7af,AFATH,1.98120909,6.955e-05,0.00013779
afath_swap,31657998,0xe124ad98cb2367f75122c47d3adfb023f6b96183c3757ee1257695e0394cb013,AFATH,1.98120908,6.892e-05,0.00013654
afath_swap,31658002,0xa29d090157d7335859169b0ba654ec196a216787e112c9624d5e976e1ab58547,AFATH,1.98120908,6.876e-05,0.00013623
afath_swap,31658097,0x23e9f6b75f9dfbe0ac86f02d47dc997c9e0cd483218a48e730cf7bb871400aec,AFATH,1.9838326,6.89e-05,0.00013669
afath_swap,31658109,0xb4681951f2407c665b0b0f83acceb62e64b395b3095b8e24ff9394a1aa4a94a7,AFATH,1.9838326,6.838e-05,0.00013566
afath_swap,31658119,0xc5dc4f7a7225ac77a9ba2fbf900180915e5a23f19bf3a80102e57bc952e50aa6,AFATH,1.9838326,6.965e-05,0.00013817
afath_swap,31658155,0x55ff80ac4718d43b40adb3c6641baf99722316de23942a12c11996cefbcef325,AFATH,1.9838326,7.074e-05,0.00014033
afath_swap,31658189,0x845d173fc2cd1a5895c55d85a6a94227b714feaa4969a6b0d025ace155fe4054,AFATH,1.9838773,7.075e-05,0.00014036
afath_swap,31658206,0xfd2410e3b3b1f6b74bd2008fffa5947e491482706e29dc692b9c6b00c499c3a5,AFATH,1.9838773,7.114e-05,0.00014113
afath_swap,31658227,0x6212fb274c034f3795c0436f2bc616a36e62a029e28df18089b58b9dec96b588,AFATH,1.98392618,7.187e-05,0.00014259
afath_swap,31658246,0xb499c5fba9afcc6ffd41695957c7d5ccd79e5e9258d2310b7df7477477e8ad70,AFATH,1.98401831,7.176e-05,0.00014238
afath_swap,31658297,0xa0f97d154de25d76a7e842eb2ea7cbb021a55c071fa4cef6928ba92a111707c7,AFATH,1.9840747,7.217e-05,0.00014319
afath_swap,31658347,0xc12a26f9788d7ab4c7b1504f66d4f69c0d2ba79ccacbed3ab1a8b7044860021c,AFATH,1.9840747,7.304e-05,0.00014492
afath_swap,31658410,0x1b0297519dfdcf5a94985911870736c147cc74442424057340e44819fdffa391,AFATH,1.98542225,7.461e-05,0.00014813
afath_swap,31658448,0x48554a9d454472390e17f9455eda85ee08915b1740be6823aa40f0d2a5578dee,AFATH,1.98866261,7.539e-05,0.00014992
afath_swap,31658484,0x561ca918d51ac9fc25b25dc62729e2d9c22518682fd700493429af5e496c202c,AFATH,1.99048598,7.597e-05,0.00015121
afath_swap,31658485,0xf2502e5f55c99839f944420cb22c3d6e9630d288b3386c8e5ea9d140984ec969,AFATH,1.99073058,7.742e-05,0.00015413
afath_swap,31658493,0x4fe862904aa30f6ed00240d2e45ce190bcf3989931e3288d8dbc7d8fabb047e8,AFATH,1.99073368,7.788e-05,0.00015505
afath_swap,31658513,0x632fa5171f338bd9254513d25b0bda2c9fe6359db83a18e944bfb7e4b93bbeb5,AFATH,1.99218631,7.846e-05,0.00015632
afath_swap,31658513,0x632fa5171f338bd9254513d25b0bda2c9fe6359db83a18e944bfb7e4b93bbeb5,AFATH,1.99218631,7.872e-05,0.00015682
afath_swap,31658513,0x632fa5171f338bd9254513d25b0bda2c9fe6359db83a18e944bfb7e4b93bbeb5,AFATH,1.99218631,7.893e-05,0.00015725
afath_swap,31658589,0x163998f590d6322036e0d2700ce7d6bab175ff95667f70752273e5d7b41c87fc,AFATH,1.9957298,7.713e-05,0.00015394
afath_swap,31658596,0x521709543e4062c85fc30991c4c69040512c6c02bbbb331b21f56c2776ea2b74,AFATH,1.9957298,7.623e-05,0.00015213
afath_swap,31658646,0x46b56b570317cb241cee051d6e426d0ec85b501ceea0a41b711b3fdd8752477d,AFATH,1.99687567,7.628e-05,0.00015232
afath_swap,31658662,0x97c3aba37f8b95fb70dd7811a1b21615962862c0f83fd1af3470c8460509bc4e,AFATH,1.99687567,7.628e-05,0.00015232
afath_swap,31658710,0x303992abac06b62c48a9da4e2cd5bf8e624ffefad61e5bdb12af28f6af1827f9,AFATH,1.99928876,7.678e-05,0.0001535
afath_swap,31658751,0x1232716bf39030551946181d6397ab5ae34d0ef4e32728be96cb51e7be307c6a,AFATH,1.99928876,7.729e-05,0.00015453
afath_swap,31658774,0x51261e717acdcbac09e1dd72c9431cdfe9157b245328197695413370a0934a2d,AFATH,1.99928876,7.733e-05,0.0001546
afath_swap,31658781,0xf5a6be666d59d7f5371edeacf01bab66b179270e9728e92670924c29cf29078d,AFATH,1.99928876,7.736e-05,0.00015466
afath_swap,31658858,0xc4e918236651430f2946e116c7aeda53a5a5a8611be7f77851c832c903d434d6,AFATH,1.99928876,7.737e-05,0.00015468
afath_swap,31659095,0x2f086fede6bce429a60df91cb4f250356d4014f11635fc673c5213f38e2e5e13,AFATH,1.99830399,7.806e-05,0.00015599
afath_swap,31659160,0x2bc733530b4fe707c36a90821ccd3637f3bf5235e2f52ffd68b8f3fbe973992a,AFATH,1.99798449,7.825e-05,0.00015634
afath_swap,31659204,0xa90d238963d44670809b5b25ac43cb875adb3618f107f1ef00f0a18d41b1c102,AFATH,1.99798449,7.787e-05,0.00015559
afath_swap,31659209,0x014c2c3f8d68f63bc96120cb4b41818dbee235a2152c8c4def2279bb1846ec60,AFATH,1.99798449,7.844e-05,0.00015672
afath_swap,31659234,0x0bcc05a5bf62dcac68291b2c0ef6b7f53c20397f662aef273a7584f616ab9e0c,AFATH,1.99798449,7.909e-05,0.00015801
afath_swap,31659245,0x3f9226173feb25ef48edc9be865e18d31cb59e42a459724cd08557784fe9d867,AFATH,1.99798449,7.929e-05,0.00015841
afath_swap,31659263,0x37f9e55ae5b96753f399074fbe0b7c75262f792ddbae2a4aaef074af08f6e028,AFATH,1.99518814,7.967e-05,0.00015896
afath_swap,31659451,0xe46f03ee4fc5d10e9d63b3ebd3cf068a9fc4293cefb5642f313fa762568de4e7,AFATH,1.98717472,8.007e-05,0.0001591
afath_swap,31659470,0x956c792fc05142a4f5a8f4a00191e44f5d9736f44ac735f5f2b50e9afbf671d3,AFATH,1.98717472,7.954e-05,0.00015806
afath_swap,31659486,0x59b2b37f529fd9ad6f90d5d56a146e73ddab217a282aa4e60f0d95b3290753e5,AFATH,1.98709168,7.949e-05,0.00015795
afath_swap,31659523,0x56aa9fc557e1b2083ca37e22db0c3fce476a8181e07da4ec715f542da2348a4c,AFATH,1.98705192,7.997e-05,0.00015891
afath_swap,31659525,0x106237e0c93b8b7816f97f493c8729defc589a12bcaaf6d66abd9c92427e126a,AFATH,1.98705192,8e-05,0.00015897
afath_swap,31659535,0xb4e3c916f7152903eee08e2e503e5b427b738455126c3eff781f29e4c7eb31cc,AFATH,1.98705192,8.003e-05,0.00015902
afath_swap,31659569,0x13f78de0eba06657418b83b0400a5af9345e7a13b9425f42f50b9412e8f59103,AFATH,1.98705179,8.055e-05,0.00016005
afath_swap,31659602,0x162fbccc75456b3bb38959239cd5a6222b81e0528350e483e5f4db04908ee7d8,AFATH,1.98622891,8.108e-05,0.00016105
afath_swap,31659603,0x0b2ab73b1a1347d14625a55e0894b47af19a8c5e72c40c33282c36e6f6c00caf,AFATH,1.98604826,8.06e-05,0.00016008
afath_swap,31659706,0x81d353fc3a90617da9e2694676f25a3ffe4b941ba541b5643e5974a7965ec454,AFATH,1.98409869,8.109e-05,0.0001609
afath_swap,31659844,0xfc196fbeb1b8eda12c5f2ca7c9138e3d5ba40ff77dfaf31c07283e0b1a5d4773,AFATH,1.98409875,8.01e-05,0.00015893
afath_swap,31660039,0x14e3bf10bc6eeb35341d02ad5bb61f3997beeefb01a7b27e310f1c2b0ce6ac12,AFATH,1.98826811,7.862e-05,0.00015631
afath_swap,31660162,0x5b74e9708ef5c80c2fc9893af13f59cff5afd5850c4d47baccaa5df11f5433b1,AFATH,1.98217087,7.763e-05,0.00015387
afath_swap,31660189,0xbedc54daaaa2401d581e9f336bb49f721cba8d5fea61e0ffe371a921dcac80ac,AFATH,1.98184935,7.723e-05,0.00015306
afath_swap,31660211,0x5f1ea07792cb36af0f6eac9f749a5e0d0d5e57a44e1a950196af8ab1a07fc941,AFATH,1.98153896,7.734e-05,0.00015325
afath_swap,31660235,0xa2aa784f61d2681a97ebcd10cb886cc7e9fbf5a361802b89823cf51f762f37be,AFATH,1.97995775,7.641e-05,0.00015129
afath_swap,31660347,0x4fac85c25639e12dbcbf7ffebca11821f6c4975d2d60aa4e032ed073168e5e01,AFATH,1.97952528,7.641e-05,0.00015126
afath_swap,31660408,0xd5ab6b42f2eb311b8a62456cce9cba0a962592191eb2d5e19d172722a38da5c6,AFATH,1.97955141,7.594e-05,0.00015033
afath_swap,31660521,0xa1e9aba3ebe113f8aaf141386970e58385ce817f74e3bc9f33d62cd563abc5cb,AFATH,1.97955141,7.544e-05,0.00014934
afath_swap,31660535,0x771afbf6a9fdb98a084f690c5a298e39e09d951f0f8efd11eb33a897953b0ac4,AFATH,1.97955141,7.56e-05,0.00014965
afath_swap,31660570,0x019d6956e01890a087846e371a6eb5d8a427c28602c4bbca43e0f7094f3540a7,AFATH,1.97957756,7.597e-05,0.00015039
afath_swap,31660572,0xe4d205d5317feb56e4255dcdd74b39a35fecd00349d0a99acbace7218c35b114,AFATH,1.97957756,7.617e-05,0.00015078
afath_swap,31660592,0x63683ddfc7a9f031ba7aa6848f40c1f5f61ac9658b2606d048f843a4f596a23d,AFATH,1.98275042,7.571e-05,0.00015011
afath_swap,31660914,0x06c16d37fdacccf15c1cf2a61d76069a6542f552d0d8fc13f42d870b5117fa63,AFATH,1.98276968,7.55e-05,0.00014969
afath_swap,31661026,0x663fda9b3e9b5405522aaa8f8fe36aaea9221bf62048192dc4c67bc67be6a282,AFATH,1.98276976,7.467e-05,0.00014805
afath_swap,31661111,0x6e444c50f2518bce7d9ec8aca1b3c5636dd529d910ef9280bc7c29d90e68cb40,AFATH,1.98277103,7.451e-05,0.00014774
afath_swap,31661167,0x3e222b8784fb553a4d0e9106c6261f231ec986b725e8134658042ee9a4e1f1dd,AFATH,1.98277103,7.405e-05,0.00014683
afath_swap,31661351,0x1584a87b40825cf3b1be40f48d95f3a2fb1756f36ea6e760dbe8767c66fe0e73,AFATH,1.98324822,7.302e-05,0.00014482
afath_swap,31661423,0xf5c75f173ef2519013a1289fdf9b46042a4e7731f39c5ce46ce145da62d665b0,AFATH,1.98324822,7.194e-05,0.00014268
afath_swap,31661423,0xf5c75f173ef2519013a1289fdf9b46042a4e7731f39c5ce46ce145da62d665b0,AFATH,1.98324822,7.198e-05,0.00014276
afath_swap,31661492,0xf298d5996fc90c2586f194f4aeaf867c88be01cce55be1c70187ec170181cca6,AFATH,1.98068663,7.247e-05,0.00014353
afath_swap,31661694,0x30a3512946e14450a5071be0d75943c78f9f4886ffe43b8c70c4f820544af8ce,AFATH,1.9769854,7.211e-05,0.00014257
afath_swap,31661794,0xd8d8c834fefb3f645da53a3326302aa24a03453b773323501b45523274bcdfe0,AFATH,1.9769854,7.263e-05,0.00014358
afath_swap,31661924,0xe25064c071fc5af420b985862a14d93f4b3018bacd003e7ef8895124bec975fe,AFATH,1.96845074,7.29e-05,0.00014351
afath_swap,31662235,0xc1b8a2a683ba6955c9bb4eb36875e2880912364c2ce3c2da6bc9a142650def0d,AFATH,1.89786709,7.311e-05,0.00013875
afath_swap,31662244,0x7bb46422027f3753527f2adaa8363334ec8993a70c48147161d36229db405454,AFATH,1.89790111,7.316e-05,0.00013885
afath_swap,31662270,0x31c1fc624c556943b255a3825d814e8a6f91710d9da49669371089678f3227ce,AFATH,1.89588582,7.273e-05,0.00013789
afath_swap,31662285,0xc23c2bdff0d014c873720e89f9345efc8aac2aefd4ea8453c9bc03557ba8ae31,AFATH,1.89337699,7.315e-05,0.0001385
afath_swap,31662300,0x27918870c186afacda97b7ac751e300b7dbffebc60dfcece4ae25840eba8c1e6,AFATH,1.89337699,7.333e-05,0.00013885
afath_swap,31662563,0xa241e20c4106824249544173ff552f4534f5f94b58b9c80d23b2ac1b5fd6d408,AFATH,1.87036427,7.196e-05,0.0001346
afath_swap,31662658,0xc1bb4eebefe7a20c8f4c62b9dd9d16fcdd429d0297b320c6c66a23fe1edf86d0,AFATH,1.87401573,7.139e-05,0.00013379
afath_swap,31662664,0x123e7b66243d67c87792b7b60af443e5b4d81690d91a0e801df2bf3f0a390a47,AFATH,1.87401573,7.101e-05,0.00013307
afath_swap,31663169,0xe32463706fe4936140c7e6216dada42831732f10f4713ec39b04edfa65d48ae5,AFATH,1.88666598,7.145e-05,0.00013479
afath_swap,31664068,0x0f125cbdc4a84285364121ad0c19f7fbaf6c711ea33eded4575c5d05d4853319,AFATH,1.85018999,7.153e-05,0.00013235
afath_swap,31664688,0x1329f6ce70d40f4b72a127d114ff2ba38224c05837fea82ce8ab76155a8e8ce2,AFATH,1.81384387,7.113e-05,0.00012902
afath_swap,31665082,0x189ec9b8b8cb1895ad083eaaacd424a3b91c1f517aacc4206ee5a54899f80e99,AFATH,1.80195448,7.176e-05,0.00012931
afath_swap,31665434,0x09bf65903b831f31696da4c157f0265af4937c49aeae7f674799445ae03f1969,AFATH,1.82519164,7.058e-05,0.00012883
afath_swap,31665516,0xb0866fcf7f7f95616095da82dc13c7ba514aeb6588612ee247c742a42e8797ff,AFATH,1.81973291,6.961e-05,0.00012668
afath_swap,31665581,0xe614b84a60ebeec0f96694b2efd489e9170afaf8ed947409e63cea8764d5c07a,AFATH,1.81973291,7.001e-05,0.00012739
afath_swap,31665596,0x85bb824e5913c5bd7507150f129ccde83fdac623f3f193680513e29dc712cba0,AFATH,1.81973291,7.002e-05,0.00012743
afath_swap,31665632,0x0e5e466d7a7db5ec9131bc3edfcb7501968e718f3beb634baff3b1fe1e64a9eb,AFATH,1.82025269,7.02e-05,0.00012778
afath_swap,31666106,0x114c40293e68e9694de4f65e82f64b11457b9e01d328df42ffd61310893e4c47,AFATH,1.8405784,6.994e-05,0.00012874
afath_swap,31666186,0x5e4a8601738bfab92067c257c61cc8e3218a651a38355a01d0c95f7ac9f31b36,AFATH,1.8405784,7.036e-05,0.00012951
afath_swap,31667393,0x74c5766781f2f4fcf33bd8f013a684dce7442ac1fdd758636753ae6d3702b865,AFATH,1.85537726,7.047e-05,0.00013076
afath_swap,31667556,0x89ddffdbce141130063103a4e0d60129229ecf6f2037010940f40bebfa2fed82,AFATH,1.84712781,7.069e-05,0.00013058
afath_swap,31667599,0xa322bf8cb3ce0bfdad3879abd5174c10e009add0d2a04f8bd27b5bdac51921c9,AFATH,1.8448452,7.12e-05,0.00013136
afath_swap,31667646,0x1feea2b93e05060e1ad6f211dfb4c98049a3afb2bfbeeae83d5df215a7979751,AFATH,1.8448452,7.162e-05,0.00013213
afath_swap,31667784,0x5ad58cbdb2d58c3515ba4f3e56571bfd086fccd0d631ab7e011829a62ad9838c,AFATH,1.84082413,7.164e-05,0.00013188
afath_swap,31667794,0x3571f9b611e0a842cda356999899c301083f1613f868403730dbf13b744e9318,AFATH,1.84082413,7.121e-05,0.00013109
afath_swap,31668017,0xbb944d737a2e0ab1cc011fa4cf623844ba0f5c567df0e6614ac939bfd5e46ef0,AFATH,1.84266273,7.098e-05,0.0001308
afath_swap,31668071,0x84fbc83485019270a44f428457bf5ec2aca80f2c8df7e5d0a5fdf1657f2f5f58,AFATH,1.83996025,7.118e-05,0.00013098
afath_swap,31668104,0x26363c1ee66876cc91bab536c731ed01f196e78ea41a6fdb6b8b553bf5d15cdb,AFATH,1.83934216,7.119e-05,0.00013094
afath_swap,31669009,0x2dfa133b0d7ddea5ef98d33850e59ed9560a28e48c0dc8cd5289b82ddd74d9c9,AFATH,1.8280437,7.126e-05,0.00013027
afath_swap,31669263,0x6cfac4e8f6bb31371a7844b819f5a62be43e5b22843ef327ee851f3182066b9e,AFATH,1.83284907,7.089e-05,0.00012994
afath_swap,31670323,0xe6b4b1233c41e0519d8f17094a704e06922afecde2062374db1190f4666835b6,AFATH,1.89173387,7.139e-05,0.00013505
afath_swap,31670363,0x97e2ee05214c082fbeb023ef4c86537ee7b3844dcfe383c99c97ea17907b80f7,AFATH,1.89050062,7.149e-05,0.00013514
afath_swap,31670832,0x04af622eb1b683af7ae0ae81e0b9e55f3f2eb96feff52539446841ba66c0c4a3,AFATH,1.87141631,7.161e-05,0.000134
afath_swap,31670872,0xf942039702c806d3ac948bfa9fdd7742ed542a6a4999383b5876d0e20aeee2fe,AFATH,1.86908766,7.196e-05,0.00013451
afath_swap,31671559,0xbfd6c7d126dee3ef6cb2789b8e767aa06571d6eaf7c4607ff3fa5dcebc2177c9,AFATH,1.85899735,7.271e-05,0.00013517
afath_swap,31671717,0x92e6e45d7d31e961e649c3a108b9b5837881a279b444066192e8d023b78ad207,AFATH,1.85899735,7.337e-05,0.00013639
afath_swap,31671977,0x694902811516d0500cb69d4a62050c490b9cb74788e25f6a83b5111497998067,AFATH,1.86060919,7.354e-05,0.00013682
afath_swap,31672527,0x7701183cf4323930dcf570f82b8c19dd967e6e059217373525de08cb982fae28,AFATH,1.85714203,7.309e-05,0.00013574
afath_swap,31674044,0x61688b3d0ed44ef3c2bb641c84fdc6a7e5a8312da636560a3f82979141284563,AFATH,1.85173785,7.308e-05,0.00013533
afath_swap,31674367,0x62bdfbb2092de9e2fb4371ce1c52a5db152f04ea8d7ac30963ae4a704eb18699,AFATH,1.85048919,7.215e-05,0.00013352
afath_swap,31674408,0x21a097167f2081616f46bf69a19217c691ff4c5ec3316c54493c030dcf13777f,AFATH,1.85048919,7.028e-05,0.00013006
afath_swap,31674408,0x21a097167f2081616f46bf69a19217c691ff4c5ec3316c54493c030dcf13777f,AFATH,1.85048919,7.12e-05,0.00013175
afath_swap,31676091,0xb793d139e6653c7e2e09a5a3661a79d5c75e398b49b427712b8152fdf8a90206,AFATH,1.8381364,7.017e-05,0.00012898
afath_swap,31676111,0x955f1fa9dd196c43242e5805ee49bc51bd701a174e31c6d2c9c3f3396d562183,AFATH,1.8381364,6.976e-05,0.00012823
afath_swap,31676571,0x422d446688e177138b72e27d951e7e202f833aa4244f7d024ae2350648667b00,AFATH,1.83429241,7.021e-05,0.00012879
afath_swap,31676601,0x6034847807bd4c583c51ebfbc13a553cb14eb6690af3789e52914f3a2de52b31,AFATH,1.83429241,7.094e-05,0.00013013
afath_swap,31676609,0xb3a575a052572d20a8b3d109f32d59c69c7e5bd8a49245c47a7834f77ec77f8b,AFATH,1.83429241,7.168e-05,0.00013149
afath_swap,31676617,0xac55d2302a81dcb89f51596ca518dedb19c13766f95e9df71c39d8c62b9a1d1e,AFATH,1.83429241,7.16e-05,0.00013133
afath_swap,31676893,0x14317bf99626243539593774fe64fd1732c877d997264130063119a2436af6a1,AFATH,1.83394133,7.157e-05,0.00013126
afath_swap,31676971,0x59f7042565a6738d21eef47d7c92f799e68ae1c2c3cc3eab3d10d4d70ddd7ab7,AFATH,1.83394133,7.204e-05,0.00013212
afath_swap,31676982,0xd6e4b3dc82a3750f40744c770c4505bdb570eadb737fb12242bbe001c7bd39ff,AFATH,1.83394133,7.212e-05,0.00013226
afath_swap,31676993,0x2a15315ad82e89a93eb229da78ef378ed4b1bdd401f75a82edc03651f429d139,AFATH,1.83394133,7.218e-05,0.00013237
afath_swap,31677594,0x9ef492ae9377da5b8ff821b9c511a9d8e01ca21d9a6c2fc3c319a81ae255771d,AFATH,1.83712498,7.22e-05,0.00013264
afath_swap,31677663,0xd88a11b941f7ae6e5f03a46a7afd701331e859ea3ec5cdccbc3438039825ce9c,AFATH,1.83712498,7.227e-05,0.00013277
afath_swap,31677972,0xa1bf1a6e6f1ae1c5d3d508cfa4d44d12191cea9a324909b15777c5420c190674,AFATH,1.83004246,7.234e-05,0.00013238
afath_swap,31677988,0xf5f344c211ab702263dd37da4be2f4a33ffd00e757bbbe1655b35642a8520f6a,AFATH,1.83004246,7.191e-05,0.00013159
afath_swap,31678272,0x9f6f701236ccf9ee38e8b3dbcf3ef36669e82710ecbb5c035ec1dc0b932b2421,AFATH,1.83004243,7.235e-05,0.0001324
afath_swap,31678283,0x3c1cb30e2026591d278d2650a3773cd8ab15fda6dba870194f002715a4f43037,AFATH,1.83004243,7.058e-05,0.00012916
afath_swap,31678404,0xa708f6f4bcd06a888252346fd758fc37d5dcca9a28c2d0257e0a67cfc3156c96,AFATH,1.83004243,6.974e-05,0.00012763
afath_swap,31679135,0xea563dfe09c6fb6c8af92a4284caa944d6286b17226ed4011a279a048e32c782,AFATH,1.83183938,6.923e-05,0.00012682
afath_swap,31679267,0x8a8bec8097e87da3c6498ad74013333065530ac220b1f7f209e940a3e0f79a15,AFATH,1.83172615,6.791e-05,0.0001244
afath_swap,31679287,0x2307c1d469dac3b876b26d6796e5b7d1e821066770d30b5ad2283017819c1af1,AFATH,1.83172615,6.675e-05,0.00012226
afath_swap,31679552,0x46f438799a05b2847359cba3b6bd6e2e3ce7fefef2d2540f6281e22cfc090fa6,AFATH,1.82133762,6.666e-05,0.00012142
afath_swap,31679581,0x9c7a3fc1b8073de21371a3fbca767d2de3e7ffec966dd1342743c4dbe2808d2d,AFATH,1.82133762,6.66e-05,0.0001213
afath_swap,31680355,0xf80ac666936fdc4646ad443a14965977d32437d4fccfb8ba606603c14a3693b1,AFATH,1.80899227,6.545e-05,0.00011839
afath_swap,31680663,0xfca75a0d43d47f04487e2a080c8e06630e44615ca09fcc2e4fab7e222ccf2d46,AFATH,1.8061294,6.424e-05,0.00011603
afath_swap,31680925,0xef7878283e6b078bd61f0b3f97241e3aeb222c05abbb8cfd5fde97ce29d79d1a,AFATH,1.8060981,6.308e-05,0.00011393
afath_swap,31680940,0x72c5630633c68efa0bba9c38195fc7fe829557bb3d9d4d8ba7f35aedd197b87b,AFATH,1.8060981,6.24e-05,0.00011269
afath_swap,31680956,0x0e6a69f4b974dd191dca665a7c1def687f4870ad8a4a958063614aafe5ab7e1b,AFATH,1.8060981,6.097e-05,0.00011012
afath_swap,31680956,0x0e6a69f4b974dd191dca665a7c1def687f4870ad8a4a958063614aafe5ab7e1b,AFATH,1.8060981,6.201e-05,0.00011199
afath_swap,31680988,0x5e0b0dd06f7bc9813634eaaf274a94569518dbf5dffc4413e5212df1bc8c2b65,AFATH,1.8060981,5.952e-05,0.0001075
afath_swap,31681055,0x44ea8c8292bb3c2fc18dc482c7318bc102e03bbe8ca15abc6e87bb7662b0ba98,AFATH,1.8060981,5.944e-05,0.00010735
afath_swap,31681075,0xf31415bd309258ee736c75f8e5f8c717d33f7bd88c55c111e63c3373860ffb84,AFATH,1.8060981,5.908e-05,0.0001067
afath_swap,31681226,0x8954707df8177a804d8f20509e4220d8020d849df72fd4d6cc35ebfdff4fcafd,AFATH,1.8060981,5.943e-05,0.00010734
afath_swap,31681269,0x41f588ca8b730f156a33664ca67e3c97719ec838b133151db8c34b822d8b4874,AFATH,1.8060981,5.908e-05,0.0001067
afath_swap,31681303,0x2b08af4adcedf52a262ba7f5ae831b6619dffeb44210b2d8dee28c51b12049ee,AFATH,1.8060981,5.908e-05,0.0001067
afath_swap,31681505,0x5675eb716c821f4e656317f16639a8d4877e247752a2883810f5c0f5a6055217,AFATH,1.80760715,5.907e-05,0.00010677
afath_swap,31681522,0xd22c7d5f6b49ccf4433aefcefe10f95869a37f630a0e5cbe8384bcc823af75aa,AFATH,1.80760715,5.942e-05,0.00010741
afath_swap,31681540,0xb45072eb1cbac066cc77d9742c5b24a81e45427460f280c21fe18f290978faf6,AFATH,1.80760715,5.942e-05,0.00010742
afath_swap,31681557,0xc131f39ff24f5dbeb6a96522ba8dbeda80274b37e05b572afa7bc67594207184,AFATH,1.80734311,5.943e-05,0.00010741
afath_swap,31681557,0xee11a0b6c675d9a1815d61607e619efb4f78b7bf6182e696ec2e9c2fb7a9d2fe,AFATH,1.80734311,5.977e-05,0.00010803
afath_swap,31681613,0xfedefaf3fcf9012f52de93cd0c1216de860fcfb99b7e1b72b19348a015b6fbe8,AFATH,1.80400925,5.975e-05,0.00010778
afath_swap,31681641,0x8a84c7cac401436ae8aad874c8fbc8a12bcb13543c3baa968296aa600bd2c5b4,AFATH,1.80400925,6.011e-05,0.00010844
afath_swap,31681657,0x433f2b3e6fde8c1e4f8cb591ddacce2f28e1dc3627f76152984616c256b5493b,AFATH,1.80400925,6.028e-05,0.00010875
afath_swap,31681658,0x157b1009e67780de1a0b26692d803461f81ffd10773cffd94ccfa47eb7e8f651,AFATH,1.80400925,6.046e-05,0.00010908
afath_swap,31681674,0xf97aa80d756688aeb778b95f2b1233c8b650005aca4bf82eecebcb41758f5b3c,AFATH,1.80400925,6.011e-05,0.00010843
afath_swap,31681690,0x72d84f60fcdc5b3e811e076a231143eeaa50a83a12a4bb9c720301f7b002962e,AFATH,1.80400925,6.137e-05,0.00011072
afath_swap,31681690,0x72d84f60fcdc5b3e811e076a231143eeaa50a83a12a4bb9c720301f7b002962e,AFATH,1.80400925,6.189e-05,0.00011165
afath_swap,31681702,0xfacfc238bd73e372a8755de286d3bfd415700d45b193291b99c86e372bda2cc6,AFATH,1.80400925,6.185e-05,0.00011157
afath_swap,31681707,0xa61984c8474aaa0248d4ce10dadc0fe3c428807b2100ac949d6efbfd5368c8d3,AFATH,1.80400925,6.224e-05,0.00011228
afath_swap,31681740,0x92c8222c65c373590168a165b17b4c10186ee5cd42a47b7b65145e14e99a4d50,AFATH,1.80400925,6.229e-05,0.00011237
afath_swap,31681750,0xd3bff4f0f8cb2f8a53f535d0376da689c655fdd34dac7e9017e34fcf9f10a294,AFATH,1.80400925,6.23e-05,0.0001124
afath_swap,31681766,0x47970c78efcf2fcd49415c7a36ec07f676b1ac7c5d7d066e4d41a76c9ae11f0a,AFATH,1.8040092,6.232e-05,0.00011242
afath_swap,31681781,0x52ec73eb0a52ac1dae49ed69270d0e8da87e5b9bfd7a4802e98e6a68d0847f54,AFATH,1.80337149,6.233e-05,0.0001124
afath_swap,31681801,0x082bb326b7d98da7c81accdfd692daf24d0090982f51da036e418dec19269e8b,AFATH,1.80192121,6.195e-05,0.00011164
afath_swap,31681827,0xbaeda7dd44e0b6d52c58d1a6822f4c905254c63ad41ea83eb8d9aabcce07e5bd,AFATH,1.79959601,6.195e-05,0.00011148
afath_swap,31681874,0x044b490b684e409f019a3fbf9ea1c75eebc558f1058f96b4dc790ce0088ed6ed,AFATH,1.79908928,6.334e-05,0.00011396
afath_swap,31681938,0x26e965b5b09f819c0c07a6ea4bbb821440b02f8224b4d581ec6c04650b9a8503,AFATH,1.79437797,6.439e-05,0.00011554
afath_swap,31682006,0xce4bb4935125ec4dc01174d52ab7cd4b9bb776ae37f4c2ea6b1816f6faaa182f,AFATH,1.79288402,6.561e-05,0.00011762
afath_swap,31682006,0xce4bb4935125ec4dc01174d52ab7cd4b9bb776ae37f4c2ea6b1816f6faaa182f,AFATH,1.79288402,6.642e-05,0.00011908
afath_swap,31682009,0xc78d8387a1d1b39112698fcf04742a1274898a409a85a9da5008bc7959105c03,AFATH,1.79267728,6.68e-05,0.00011976
afath_swap,31682093,0xf62b2c9a67baa1b0f24bd573c407816b7cd529182ce1c39c34943fe7e7c71118,AFATH,1.79236486,6.681e-05,0.00011976
afath_swap,31682100,0xff89827d1d71f5b054259eb5dcd84346e0dc9e95b92e38d7c6d1b5e24a2778ce,AFATH,1.79236486,6.682e-05,0.00011976
afath_swap,31682130,0xfcdaebabcf72ade73897c6dabc89ae825347c717a8eb312a5c493325c11ffe3a,AFATH,1.79236483,6.641e-05,0.00011903
afath_swap,31682130,0x6cffbc6cf384ebffef1c4aed025026dc0627d3fa27566c48f3eab24c7619e37a,AFATH,1.79236483,6.856e-05,0.00012289
afath_swap,31682239,0x5d4544fe1c532b7f481486bd424887d56788b960be3c3e9111c85138e44e8eb8,AFATH,1.79236483,7.039e-05,0.00012616
afath_swap,31682266,0x93b3ecd7d30a8083083db2f88c04c9971abd60e9ca0f8e83b010b4bddbb1e4c9,AFATH,1.79236483,6.997e-05,0.00012541
afath_swap,31682293,0x5049e74a8ce86b4e8029aa8f48bfd3a61b6493f5d2780497c3efff0f0d44d11e,AFATH,1.79236483,6.996e-05,0.00012539
afath_swap,31682349,0x66617fa6b064bb497f6e784cf0d747bcb6a17ad5ddc2f068081feec7694f8aa0,AFATH,1.79365851,7.037e-05,0.00012622
afath_swap,31682350,0x72ee8023004a3bc76ed59ce71a894fc57fe442dbee3161fa6167d853b14d8ddc,AFATH,1.79365851,7.037e-05,0.00012623
afath_swap,31682363,0x4bb4ffe68f46fd8e2b9e328a8ec746344343383696d60918fec5ef73a874dd26,AFATH,1.79365851,7.039e-05,0.00012626
afath_swap,31682506,0xefe613c23ba4c845cc3bc118c94478e6b80772ff320b3c833ecc2276680c4d8f,AFATH,1.79365883,7.04e-05,0.00012628
afath_swap,31683489,0x93cb97d4dddb6072c706b117d0f408582d6894ccc8d971042d78a39208825ea5,AFATH,1.78658648,7.041e-05,0.00012579
afath_swap,31683489,0x271080efcc554071fad561790dbcbd230af1881584b7c4c6dfb80adb6decb44b,AFATH,1.78658648,6.977e-05,0.00012465
afath_swap,31683506,0x19d8ea94def726121b9f7266b3974df08916c6a57e94efdf6c9ea59a24bb307d,AFATH,1.78658648,6.999e-05,0.00012505
afath_swap,31683527,0x095b509a8bf1a4ead5446916cf4fbf0fa32ef2d0f9ebc96e90c8a2f3fba44558,AFATH,1.78658648,6.958e-05,0.00012431
afath_swap,31683538,0xb3a0a8b11933374dff36b70d8743acb0ffd08a6bee314db6a96734fbd75c0674,AFATH,1.78658648,6.834e-05,0.0001221
afath_swap,31683539,0xdc1dbb457f1af4305da16e83c926df026e93eac1035e6df7ef15a1c4a51a4875,AFATH,1.78658648,6.755e-05,0.00012068
afath_swap,31683575,0x52756c3ff8ec275b13e5a736215492c84fa7618d9c4879d08a0b732c028e4bfe,AFATH,1.78658648,6.703e-05,0.00011976
afath_swap,31683575,0x52756c3ff8ec275b13e5a736215492c84fa7618d9c4879d08a0b732c028e4bfe,AFATH,1.78658648,6.711e-05,0.00011991
afath_swap,31683587,0xb59e9fbc89ebfac313d21e9a850923f6d3e0b57303e24a7759ca02783755142f,AFATH,1.78658648,6.739e-05,0.00012041
afath_swap,31683613,0x38359312a530500f1d07ddd6b4c71e7f02ad47a7089ef7d1be27c10000307d64,AFATH,1.78507317,6.741e-05,0.00012032
afath_swap,31683630,0x9cbf62f79911095d5dbbec8bae0931c446a02579708e3852f999c3f0f9a620dd,AFATH,1.78422566,6.695e-05,0.00011945
afath_swap,31683650,0xf43a3802e623033946049c60fb5386d7ef24c0beb6e3db4c1df4232e022673a6,AFATH,1.78252926,6.729e-05,0.00011995
afath_swap,31683663,0x64eb4bc61a6971a6af92a2db9d64dffe2c83c9904a54ebd31936bc6f69dabfc9,AFATH,1.78252926,6.73e-05,0.00011997
afath_swap,31683731,0x17548a14b296875b544b13614d79596e7a47a4ee5acf16eadacb11fbdb6fa0b8,AFATH,1.78112056,6.69e-05,0.00011917
afath_swap,31683745,0x93a1898df344194fbda86885f75d3d33310377559bced95ac571703048e6018e,AFATH,1.78112056,6.689e-05,0.00011914
afath_swap,31683773,0xd5d8a22f3be6eac79f1e4f3938ad7bfb0aacfe14f974f8e616495172cd98629d,AFATH,1.78112056,6.729e-05,0.00011985
afath_swap,31683787,0x5e7b67ca7b14ea42bde7ee61ba99d0b784b1e02bab23db4d7a7f6bb57b2bacc3,AFATH,1.78112056,6.73e-05,0.00011987
afath_swap,31683910,0xc123c5e06fddc69aba236a8bef470fefb121bb3ad7f5087d07d9596da42f1afd,AFATH,1.78112051,6.734e-05,0.00011993
afath_swap,31683923,0xbf3d7308e642597f158910c8c328c737c9b46c7f5ec53e94bf65bad984ef00cf,AFATH,1.78112051,6.743e-05,0.0001201
afath_swap,31683948,0xd49d5867f354ea744d9c2142967b17e4e8f75eac7fe33f4449887ee46ceb7428,AFATH,1.78112051,6.709e-05,0.00011949
afath_swap,31684007,0xc31cf54bc88866bd8c5288572cf731e7a7cb0565851d5f4b490c52f45ee13c7a,AFATH,1.78112051,6.696e-05,0.00011926
afath_swap,31684034,0x5cf4d28d1b8bfcde9238718bb1fb053fc5d75a07d1b2a810b763a2d2d8030868,AFATH,1.78112051,6.681e-05,0.00011899
afath_swap,31684105,0xb8ea4ae055da6c2ce2020732febe00383fcfb7444c488f111a28476105178fac,AFATH,1.78315029,6.638e-05,0.00011837
afath_swap,31684218,0x764fe4602c2f96142b14cec105344f79decfc81138c89f51d6a992ffff98a3ab,AFATH,1.78518611,6.675e-05,0.00011917
afath_swap,31684291,0x26e1811b01c3b337901ecdccab02dfde01c8d471257f86d216d6d0296d4b6586,AFATH,1.78730135,6.67e-05,0.00011922
afath_swap,31684448,0x43d2626b7d5b6e90e28c565a1b65d58e5841eeef54800e3d173847606be68bfd,AFATH,1.79168362,6.645e-05,0.00011906
afath_swap,31685690,0x4a74ecfb4e26050eadafc22bf730274ca1ee5684e8febed93142eb5693cfd35f,AFATH,1.77748374,6.672e-05,0.0001186
afath_swap,31686334,0x67696dfbdc34b6ae194901707e4a7c1497dd773954f0d47a4a04a902b04fbd34,AFATH,1.78181992,6.684e-05,0.0001191
afath_swap,31686857,0x3e59af1bc81de7df35fc53930fd580eba9a1074a264ea78dd17a73f3ca44b361,AFATH,1.7873544,6.638e-05,0.00011864
afath_swap,31687184,0xacb4ccd7b13cb9a283296c22b12ca33a9f22064de42a1624ccd171f734e0e700,AFATH,1.78270266,6.627e-05,0.00011813
afath_swap,31687547,0xbf53ba776b87e08d87dc3437ed288929b30cab89d937a37fd45e815d5430d1f8,AFATH,1.78624286,6.683e-05,0.00011938
afath_swap,31687563,0xdd930f76434b1e6597a06dd784cac102e40e95d33ae5297d351b3d344e32c4a4,AFATH,1.78624286,6.71e-05,0.00011985
afath_swap,31687694,0xda6b883ae759da3a991e82fa67df38b4460784d9df1b0bc1786ed1203821cd88,AFATH,1.78624292,6.716e-05,0.00011997
afath_swap,31687917,0xef3686504bd0bf998cd27d70aba68489a0c48d2d1a95c031b324dc967e1a6567,AFATH,1.78193104,6.718e-05,0.00011972
afath_swap,31687979,0xee2da84ad9edea3b37564a7151fe8b4d04f6f5c484ecf92769b15003d7aa7291,AFATH,1.78174689,6.724e-05,0.0001198
afath_swap,31688402,0xd19d2a4fc03c3dbfc91b70068287070b0c6f448aeebdd92e859d7808b96e547c,AFATH,1.78238026,6.749e-05,0.00012029
afath_swap,31688600,0xf30b6a5831e4e4a8527f986afed3332c3e66077a65a252e70cad3eaf54632758,AFATH,1.78087242,6.789e-05,0.00012091
afath_swap,31688620,0x23332b033a0676588f168be1ad11dd9539d3c0e1b9dc3a0d829f53238634d0be,AFATH,1.78087242,6.766e-05,0.00012049
afath_swap,31688801,0x9db95f5e2991cb3dc9058c6ea467d07d3cfb3d541a71387dd05a7694872cf27b,AFATH,1.78722225,6.825e-05,0.00012197
afath_swap,31688878,0x7b30047b5852b32351d27602a770b69ec5f396b5fd3dbf3cafb2105436c8e6cb,AFATH,1.79006495,6.804e-05,0.0001218
afath_swap,31689748,0xc487c9e775ac1f2307c29a770a38f6da80a27233a126f9158301f39ed08d60cd,AFATH,1.7840148,6.845e-05,0.00012211
afath_swap,31689834,0x56b70db3eaf872bae86d5a6efad5f1fa89c226f4c48966797c488002e404ce51,AFATH,1.7840148,6.849e-05,0.00012218
afath_swap,31689865,0x66672435bcc7af64471cef4d20a0e158930aa6b5d94555486b4beb09b159b1e4,AFATH,1.7840148,6.859e-05,0.00012237
afath_swap,31689872,0x74389918f6d90edbbb3b841cb47030a6fe7c4d5ddc09af342a26d129ba224c89,AFATH,1.7840148,6.816e-05,0.00012161
afath_swap,31689888,0x4c48aea0b81c52a2b2af39c5567fe900f309ef447de7cace80c81e30984ec9b7,AFATH,1.7840148,6.801e-05,0.00012132
afath_swap,31689907,0xd4bb536b0ceb68d03ea045e4deb29037b47ef0d59847e7f7b9e0322724446efd,AFATH,1.78383751,6.793e-05,0.00012118
afath_swap,31690104,0xa983e3ed5e1fa648d19ed5366927db756b000d0f77d88b881e53e26ccfec531b,AFATH,1.80093696,6.84e-05,0.00012319
afath_swap,31690566,0x0a51c0e04219cac7780dac6900f6e8142eeca1b01d4176fa92df9d3dfcabb3c7,AFATH,1.78612687,6.804e-05,0.00012153
afath_swap,31690715,0xb22d63bd7007f416c0656ecf5fee7d90dc4e1f9d9366bd7178cfcee23405d49f,AFATH,1.78799757,6.855e-05,0.00012257
afath_swap,31690743,0x7f66a7e19106e35e9b31487ddcd8252cc7a43b482de570b45f4a4d76052db5ac,AFATH,1.78799757,6.822e-05,0.00012199
afath_swap,31690791,0xf00111d729cdf341d8885566f084de11238a3c3fba232bfbb9a475da3e2c55ae,AFATH,1.78799757,6.862e-05,0.00012269
afath_swap,31690992,0x96744ff09f4c19805ef33353aaef14fc506a41ea170b8281897ca2d4271a5d99,AFATH,1.78539554,6.898e-05,0.00012316
afath_swap,31691041,0xc0387dac6be6f61a6c0f5b7a12a0549c2634ce6eeac1dae4d2c457321ab08fa4,AFATH,1.78539554,6.868e-05,0.00012263
afath_swap,31691845,0xb7f9320e243f99a165f9e0e74a98349e8a10f761ba887075e1c35c45cd8c253b,AFATH,1.75665368,6.951e-05,0.00012211
afath_swap,31691876,0x6bb34937b9c3e0590ff830253a88441f1c5c9fd7a1552aa33d691abd7c337f09,AFATH,1.74904248,7.019e-05,0.00012276
afath_swap,31692054,0x9a6f0a9fc2ea05a1cb72e39cd334ec5532643b1fa9d8f895d3e8fe05a85f5add,AFATH,1.74605972,7.037e-05,0.00012288
afath_swap,31692186,0x82e088a82f744d5e3600a360e6013ecac70e11d881ee853df0faffcbd70df445,AFATH,1.73901321,7.059e-05,0.00012276
afath_swap,31692453,0xeb830e4a5621272c42860cda9563f5cce1f8b0f978fd8e08de0070b7224b5ead,AFATH,1.7220891,7.063e-05,0.00012163
afath_swap,31692587,0xd21343e829934694979be591005a41f25b7f4ed28ea55b28469b196af5af5ca1,AFATH,1.72717944,7.085e-05,0.00012238
afath_swap,31692603,0x93de9e2f3afa41be4ee777db588ec95662e468be377436d8f11e7abd0fad975f,AFATH,1.72553977,7.043e-05,0.00012154
afath_swap,31692674,0x94e7bd95d40ef15eb0a71b03876013f86fb7eb9f3bdd19baec7634355f6ecb35,AFATH,1.73737457,7.02e-05,0.00012196
afath_swap,31692823,0xebddd9a55812d992f14b80952ee32386043ed4349dbd9a38c59a5119e4692ddb,AFATH,1.74233829,7.016e-05,0.00012224
afath_swap,31692835,0x7f52c056c0ee72b2c809e37da2d98c4991b85c097a3cb96e5f5e4b519ab2441a,AFATH,1.74233829,7.239e-05,0.00012613
afath_swap,31692845,0x6bb4293376afc09ab87d4f11d23821e6bd61dad51393983faae0fd6ba17716e6,AFATH,1.74233829,7.2e-05,0.00012545
afath_swap,31692884,0xe4ea8d7e28b2d73caddbbc858e8b203150dfb2dbb6285a1106e55aee7c157d10,AFATH,1.74233829,7.02e-05,0.0001223
afath_swap,31693148,0x983f24e4b9ab0a99ab56964c7e6ef38d729f654558b0f6a08525c3c7f4b85961,AFATH,1.73338915,6.958e-05,0.00012061
afath_swap,31693239,0x10fafe2dddab4d126780eeb71883dfdacb804186d4a947c9f68d07968088b6be,AFATH,1.73334741,6.942e-05,0.00012034
afath_swap,31693482,0x4db6266af952b00da81a218957329a374ed6b2a6f8c9cf74bae1a10133d3a419,AFATH,1.73334757,6.943e-05,0.00012034
afath_swap,31693505,0xc48560d32726fbe52861643b74df055e6c6b8313f9fccd8c20fa59d3e70cb894,AFATH,1.73334757,6.887e-05,0.00011938
afath_swap,31693528,0x471677a80cac7113a394a0add52a6189210bacddd6146d9a5cd4a4d20844b2e6,AFATH,1.73334757,6.935e-05,0.00012021
afath_swap,31693586,0x2b1a85b87045abc60ddd9f9e0687a3a73ffeee57e26716d02528bbd05a29c083,AFATH,1.73334757,6.977e-05,0.00012093
afath_swap,31694457,0x8ba5e2752c1474fc358ee9eb9548158d093ff870fb21991981c41c4e09af77c5,AFATH,1.7081672,6.999e-05,0.00011955
afath_swap,31694537,0xb8d1f0f92146c4e1422ba14804084590f401d2e02745645eb997190d77a948fa,AFATH,1.71350394,7.001e-05,0.00011996
afath_swap,31694566,0x923e002c752763a8cb9780b3e651b2a87a45dc67775c21571e2dc7ac440514f8,AFATH,1.71350394,7.003e-05,0.00011999
afath_swap,31694850,0xd0460d6e13fe4361aa5933ddc6e8c145761d0bed3ce8ba0fa19069f63ab83a5d,AFATH,1.68204624,7.003e-05,0.0001178
afath_swap,31694907,0xa080d6b307a92a33551616d52fbd8a1b02f05bd789e5bc4d54077d0a66ddae0b,AFATH,1.67696708,7.004e-05,0.00011745
afath_swap,31694941,0x8fbd690ab805eb24f245a765a5b07ad967f04e451e75cedd327fdd281d1e5f7e,AFATH,1.6751714,7.004e-05,0.00011733
afath_swap,31694966,0x6b37393bbe02c7f9458088733c3587408cdccc4bd87917835312202b4e959249,AFATH,1.67369129,7.004e-05,0.00011723
afath_swap,31695006,0x89868a4309ef6df1b77b54f356307bf9ef0ae9ba392fbe00b2076fa958ba5614,AFATH,1.67324758,7.065e-05,0.00011821
afath_swap,31695062,0x6347b30af7127dd10e8e0f33e6aa2e96d541139a52eae8614b92cdde9aa2e42f,AFATH,1.67355469,7.126e-05,0.00011925
afath_swap,31695080,0x71c41db377921b28276e52bf478dd129ebe6cd60e952998a8ef078f3cee5aa94,AFATH,1.67355469,7.128e-05,0.00011929
afath_swap,31695424,0x9f3cc33dd91dff9eada27e6c15f2edce3e1bbea9e3b5fac56fb8ac4430ce5440,AFATH,1.66960322,6.962e-05,0.00011624
afath_swap,31695516,0xaa95f05d0c1ec2c3b9167aaab83f48d2e176784d0bf018a9b804c86411714d7a,AFATH,1.67019526,6.835e-05,0.00011417
afath_swap,31695709,0x169fce9c7d009409cb88d872941936ae537baaa42c78ab3deec5b74e318f6d2b,AFATH,1.66353538,6.874e-05,0.00011435
afath_swap,31697026,0xeac4b7beca9e286f80f80746d6097a8beb67ce767a5199909c21a949271b22a2,AFATH,1.67699857,6.875e-05,0.00011529
afath_swap,31697320,0x44cf67bc49508d7fe0718cf6df810e50258d9f99d8cfc7ae886909fd04126856,AFATH,1.67200307,6.907e-05,0.00011548
afath_swap,31698018,0xfd23295fa5f297c0b5e994a1d9b65aff0a2807f2a84655aa5a82226094a78f3d,AFATH,1.66439616,6.939e-05,0.0001155
afath_swap,31698259,0x688e204f8624367885c5e65395d0f38245bf1c64ed3783acfe806a886ded2228,AFATH,1.6703406,6.944e-05,0.00011599
afath_swap,31698267,0xde9e72e6f9d701d2fbae7581c51dc5d369aa8199ae82db1dab56752847f11aa7,AFATH,1.6703406,6.951e-05,0.0001161
afath_swap,31698420,0x02d764fd6e20e4d8bd8f7b64111df1f99912989b3a18f1ddcd25dc5405b34ea4,AFATH,1.67435543,6.984e-05,0.00011694
afath_swap,31698463,0x5eeee26dcea88b770684f75a5af23d7164b13496039a57dcc63641a369c425af,AFATH,1.67796685,7.018e-05,0.00011775
afath_swap,31698608,0x29aa0e6b0d2e7d1e815727ae34b76314ff617146828e2a15a98f27771435e5c6,AFATH,1.69151248,6.947e-05,0.00011751
afath_swap,31699293,0xed39b83368aa60e24424c08c06b2a3c521e328918ecb5af13835d9f97072c314,AFATH,1.73709639,6.959e-05,0.00012088
afath_swap,31699970,0x41ae01393ba311f39dad15e94c1f61c1266215a38b32c288972fab5468c40fc7,AFATH,1.73729124,6.917e-05,0.00012017
afath_swap,31700701,0x0a078aaa7b3cdc814cfb183ef492333f7aeb5670087e72977915b5bcf8779f4c,AFATH,1.72619772,6.96e-05,0.00012014
afath_swap,31702429,0xa3bfbe3657bfdc0dcaa52255691991fecb5e4c5c378021f0eb5d0fcbb8c1fab8,AFATH,1.70616182,6.969e-05,0.0001189
afath_swap,31702644,0xe52f4fa6c8a580ad5da77c8379e2e2bd183d1a43a192a11ca8237aadc294fbbc,AFATH,1.69623678,6.977e-05,0.00011834
afath_swap,31702735,0xe6af84ab01edfd8a99e3b18acfc87ad978b2e2d6ce9043a0483f821f1bfc3d4d,AFATH,1.69537731,6.977e-05,0.00011829
afath_swap,31703761,0xc06eccb21b37c1a39203c8b7604729f6adb33e9be312fb177ea883046e443f7b,AFATH,1.69979514,6.979e-05,0.00011863
afath_swap,31704338,0x8556ed25a8190b54eb2ef4e760b36acaf28f0f56963280b33822a99aa629c0a9,AFATH,1.69338367,6.981e-05,0.00011821
afath_swap,31704793,0x7ee41e80df80533d74abc763e9fdc168c6621805630e311016edee756141bc9e,AFATH,1.6952373,6.984e-05,0.0001184
afath_swap,31704810,0x969978843c042b2cdf8b8f7954ed951052f48a3bc166276085f5707da19a9194,AFATH,1.6952373,6.943e-05,0.00011769
afath_swap,31705505,0xe9216c685cdcbe3d46a3fab3ddfd88448db5c4a347245cf1d4aa700128011c70,AFATH,1.68545902,6.938e-05,0.00011694
afath_swap,31706006,0xc33bc429e20f11688c69ead134f85d7ee287e008df1f7b2fbf2f9b5b53e18241,AFATH,1.68290424,6.979e-05,0.00011744
afath_swap,31706053,0xd5621a9ca676f4be92aacf8a84441c0563e15500160b0e9ae490882c7c4cc35e,AFATH,1.68290427,6.979e-05,0.00011744
afath_swap,31706053,0x6cdb1d31d5ced9f1eb43da5345d632a47bf134c17c969210c0cf1b92de001f20,AFATH,1.68290427,6.979e-05,0.00011745
afath_swap,31706053,0x1aa6fc941544f9a0255908b9baf421d9cefa56df239554c384338141fa7458b4,AFATH,1.68290427,6.979e-05,0.00011745
afath_swap,31706062,0xb1741e82a0fb5fdfd43cc0daa21d2e1b053ac9d574bc8afa3b188e785bee461a,AFATH,1.68290427,6.979e-05,0.00011745
afath_swap,31706144,0x112b7aecc5db04dd8a60723b95d8320c8a99b3dd412e0ac731361f777a4148be,AFATH,1.68605175,6.979e-05,0.00011767
afath_swap,31706144,0xf85b1687787866c95d62cf2aa4aa8d266d65601b1d7e50fa68409e051956fe0c,AFATH,1.68605175,6.979e-05,0.00011767
afath_swap,31707787,0xb0fc97ec2df693579ce37221aaaa98fb2271f8b2e42a684e0176abefd91251b4,AFATH,1.70250014,6.979e-05,0.00011882
afath_swap,31707812,0xa1d5b14cad51c1c0b920e9c175e44cec1d84b61f90e380d3021a6e08ad0b2135,AFATH,1.70727966,6.979e-05,0.00011916
afath_swap,31707844,0x9ddd6444cefb9721deef7943e9cedd4a74cbf3ce4088ab44b6e496239e36df70,AFATH,1.70985507,6.979e-05,0.00011934
afath_swap,31707933,0x211e971eb7d722ee9e7ae1da403bf020b9b85ccabc93098dab6fcb997abb7879,AFATH,1.71089381,6.98e-05,0.00011941
afath_swap,31707979,0x67a1e0c751cbc99c4efc06d86ca8e6264395f7f1b8ff35c3b2fd275d9b78603a,AFATH,1.7094308,6.98e-05,0.00011932
afath_swap,31708086,0x1e5fe3c3f445183a23af65a00e80e300bc411342fa20acc7907a5934919ac106,AFATH,1.70672063,6.98e-05,0.00011913
afath_swap,31708249,0x3309451a240b77caf5dd1812296690249203aec9d1a291ae1aa82fb22f744cec,AFATH,1.70410379,6.98e-05,0.00011895
afath_swap,31708845,0x97442036cb54104d059e47a3d2588403d4c26e9da227a3316bd0dd78f7ba2ad4,AFATH,1.6966603,6.981e-05,0.00011844
afath_swap,31710402,0x24c089ce733ab787b80fa5f8cdcf36f586fd90d350673ce9f21cc26911659ce9,AFATH,1.70589614,6.934e-05,0.00011829
afath_swap,31712604,0xc95ab55eb96dbf7afdb3a087b2e9cd9cbfcdf00a94f1113b0166aeed5f2188f2,AFATH,1.69521126,6.929e-05,0.00011746
afath_swap,31713961,0x39fde15051f2ab5d3008bbd14437dcee0e0769b65a628dcc3cdd03121f241184,AFATH,1.69298932,6.928e-05,0.0001173
afath_swap,31714130,0x69cc4a71f2c73acb191a124e38827d9599c2c2ba7727c1ede26517ef3986868c,AFATH,1.69567482,6.894e-05,0.0001169
afath_swap,31716204,0x5bdd9b4fcff3c71c1d613114cc342317f5db2f9223f1a9e74e4e2bdde18143cf,AFATH,1.69931501,6.904e-05,0.00011732
afath_swap,31716757,0x74014c0f6afc08b0cf2fddb3cdc4f4dbe023410d96156ed5fcee1782aabc121f,AFATH,1.71663531,6.917e-05,0.00011873
afath_swap,31720027,0x166ed9bbfafe2205f22196c91af52e48c7781f005c9ac0b94128881988796d1c,AFATH,1.68362977,6.858e-05,0.00011547
afath_swap,31720088,0x50a0288cb8338b12b8dcb3fdfe4473ae35e8964f02ca2d80ddd79b989a4858c9,AFATH,1.68362977,6.804e-05,0.00011455
afath_swap,31720172,0x3ad7ef85d60bce2fc0987af7caadd247078f87b805e7f2187d441d2cb3a28e26,AFATH,1.68362977,6.662e-05,0.00011217
afath_swap,31720297,0x53c795d322f163c217df176e5897d7c4e642523282bb39ca7ff0b5ac3b8524b0,AFATH,1.68363102,6.517e-05,0.00010973
afath_swap,31720297,0x53c795d322f163c217df176e5897d7c4e642523282bb39ca7ff0b5ac3b8524b0,AFATH,1.68363102,6.546e-05,0.00011021
afath_swap,31720448,0xcb7d24c247f633bed7cd911bb41f85faefe215153ea7211b078a19dab115deee,AFATH,1.68821859,6.674e-05,0.00011268
afath_swap,31720463,0x2ed2549e66be25ebbdd586efcfdf8e2381e9cddc4ce0a56ee1155b20308f53f5,AFATH,1.68821859,6.612e-05,0.00011163
afath_swap,31721232,0x8f1d7c9fea758c6c697b86b0044cb4f5d45d70c655a95c576034c40c75573b6d,AFATH,1.68626359,6.416e-05,0.00010819
afath_swap,31721232,0x8f1d7c9fea758c6c697b86b0044cb4f5d45d70c655a95c576034c40c75573b6d,AFATH,1.68626359,6.444e-05,0.00010867
afath_swap,31721326,0xa5ce4f19a2932073c56653672d6dccbe5d63ce24bbb7751927ced46354504ad2,AFATH,1.68906973,6.367e-05,0.00010754
afath_swap,31721893,0x15d23e96e42a40a0069045048a8adf0390454748ad6cfe14c9f425e0bac8de85,AFATH,1.69686734,6.381e-05,0.00010827
afath_swap,31721990,0xa4d7193b3cdcb419e367b3e2c422fc7eb5c1c8c8deb659e64d9a333b45b6e6e4,AFATH,1.69627394,6.337e-05,0.00010749
afath_swap,31722656,0xe66b407312ce1365d9a5cb04599e772633feb9cf811fc6d58875595d746b15f5,AFATH,1.70118754,6.369e-05,0.00010835
afath_swap,31723871,0x93f98b54f345076108210b8b1c395a53f733a21c128772c93a8a8fcbe0d62448,AFATH,1.67816148,6.37e-05,0.0001069
afath_swap,31725563,0x7872420a5cbab5fa4402bd91a9e69512cc76a67bb5f9c25bc9dce858a93d9eff,AFATH,1.66846652,6.329e-05,0.0001056
afath_swap,31726682,0x72ce2b301ccbf30126e1a02395e6263982486f359175b411fe7f5cc9d4f93ae5,AFATH,1.66321978,6.365e-05,0.00010587
afath_swap,31727629,0x1045de17b7564e602f667801f5fbfa6ee846f30f7f62b80cab9f67deb6998ac3,AFATH,1.6311333,6.309e-05,0.00010291
afath_swap,31727780,0xd8f443ef2ce366164a92cebe7cca678ac862848ac2151579fabdf39d8a9b54ec,AFATH,1.63050907,6.254e-05,0.00010197
afath_swap,31727898,0xcd7486bdc359f65d7cf56a40af321facaec56542f36ec8af4999ed19e190da5c,AFATH,1.63687656,6.202e-05,0.00010152
afath_swap,31728482,0xdf32e87e36c9083de67c1a0f3cb548975589ea00f4f2f5c738597ae36c17f253,AFATH,1.64061677,6.175e-05,0.00010131
afath_swap,31728592,0x16d9824d676b973706d3879253401ad2e53ccce7f55c58dc0da09173bd33cea0,AFATH,1.63995159,6.16e-05,0.00010101
afath_swap,31729294,0xebc7a13e6eeb3c86b98b016b6143497379882addac9e035ec8095022c7cf4fc5,AFATH,1.65311884,6.151e-05,0.00010169
afath_swap,31729797,0xef9b1869fcd129a695ac8b1b803569056df739926e3cf808dc4f70eacd5e895b,AFATH,1.64866639,6.193e-05,0.0001021
